{"openapi":"3.1.0","info":{"title":"MongoDB API","description":"API para interactuar con una base de datos MongoDB, proporcionando operaciones de consulta y recuperación de datos.","version":"1.0.0"},"paths":{"/":{"get":{"tags":["General"],"summary":"Endpoint raíz","description":"Devuelve un mensaje de bienvenida para comprobar que la API está funcionando correctamente.","operationId":"root__get","responses":{"200":{"description":"Successful Response","content":{"application/json":{"schema":{}}}}}}},"/hello/{name}":{"get":{"tags":["General"],"summary":"Saludar a un usuario","description":"Saluda al usuario proporcionando su nombre.\n\n- **name**: El nombre del usuario a saludar.","operationId":"say_hello_hello__name__get","parameters":[{"name":"name","in":"path","required":true,"schema":{"type":"string","title":"Name"}}],"responses":{"200":{"description":"Successful Response","content":{"application/json":{"schema":{}}}},"422":{"description":"Validation Error","content":{"application/json":{"schema":{"$ref":"#/components/schemas/HTTPValidationError"}}}}}}},"/databases":{"get":{"tags":["MongoDB"],"summary":"Listar bases de datos","description":"Obtiene una lista de todas las bases de datos disponibles en el cliente MongoDB.","operationId":"get_databases_databases_get","responses":{"200":{"description":"Successful Response","content":{"application/json":{"schema":{}}}}}}},"/collections/{db_name}":{"get":{"tags":["MongoDB"],"summary":"Listar colecciones","description":"Lista todas las colecciones de una base de datos proporcionada.\n\n- **db_name**: El nombre de la base de datos.","operationId":"get_collections_collections__db_name__get","parameters":[{"name":"db_name","in":"path","required":true,"schema":{"type":"string","title":"Db Name"}}],"responses":{"200":{"description":"Successful Response","content":{"application/json":{"schema":{}}}},"422":{"description":"Validation Error","content":{"application/json":{"schema":{"$ref":"#/components/schemas/HTTPValidationError"}}}}}}},"/documents/{db_name}/{collection_name}":{"get":{"tags":["MongoDB"],"summary":"Obtener documentos","description":"Obtiene todos los documentos de una colección específica.\n\n- **db_name**: El nombre de la base de datos.\n- **collection_name**: El nombre de la colección.","operationId":"get_documents_documents__db_name___collection_name__get","parameters":[{"name":"db_name","in":"path","required":true,"schema":{"type":"string","title":"Db Name"}},{"name":"collection_name","in":"path","required":true,"schema":{"type":"string","title":"Collection Name"}}],"responses":{"200":{"description":"Successful Response","content":{"application/json":{"schema":{}}}},"422":{"description":"Validation Error","content":{"application/json":{"schema":{"$ref":"#/components/schemas/HTTPValidationError"}}}}}}},"/documents/{db_name}/{collection_name}/filter":{"get":{"tags":["MongoDB"],"summary":"Obtener documentos con filtro","description":"Obtiene documentos de una colección que cumplen con un filtro específico.\n\n- **db_name**: El nombre de la base de datos.\n- **collection_name**: El nombre de la colección.\n- **age**: (Opcional) Filtro por edad.","operationId":"get_filtered_documents_documents__db_name___collection_name__filter_get","parameters":[{"name":"db_name","in":"path","required":true,"schema":{"type":"string","title":"Db Name"}},{"name":"collection_name","in":"path","required":true,"schema":{"type":"string","title":"Collection Name"}},{"name":"age","in":"query","required":false,"schema":{"type":"integer","title":"Age"}}],"responses":{"200":{"description":"Successful Response","content":{"application/json":{"schema":{}}}},"422":{"description":"Validation Error","content":{"application/json":{"schema":{"$ref":"#/components/schemas/HTTPValidationError"}}}}}}},"/documents/{db_name}/{collection_name}/projection":{"get":{"tags":["MongoDB"],"summary":"Obtener documentos con proyección","description":"Obtiene documentos de una colección aplicando un filtro y una proyección específicos.\n\n- **db_name**: El nombre de la base de datos.\n- **collection_name**: El nombre de la colección.\n- **age**: (Opcional) Filtro por edad.","operationId":"get_projected_documents_documents__db_name___collection_name__projection_get","parameters":[{"name":"db_name","in":"path","required":true,"schema":{"type":"string","title":"Db Name"}},{"name":"collection_name","in":"path","required":true,"schema":{"type":"string","title":"Collection Name"}},{"name":"age","in":"query","required":false,"schema":{"type":"integer","title":"Age"}}],"responses":{"200":{"description":"Successful Response","content":{"application/json":{"schema":{}}}},"422":{"description":"Validation Error","content":{"application/json":{"schema":{"$ref":"#/components/schemas/HTTPValidationError"}}}}}}}},"components":{"schemas":{"HTTPValidationError":{"properties":{"detail":{"items":{"$ref":"#/components/schemas/ValidationError"},"type":"array","title":"Detail"}},"type":"object","title":"HTTPValidationError"},"ValidationError":{"properties":{"loc":{"items":{"anyOf":[{"type":"string"},{"type":"integer"}]},"type":"array","title":"Location"},"msg":{"type":"string","title":"Message"},"type":{"type":"string","title":"Error Type"}},"type":"object","required":["loc","msg","type"],"title":"ValidationError"}}}}