ActivityType;StartTime;EndTime;AltitudeAvg;AltitudeMin;AltitudeMax;Ascent;Descent;Distance;Duration;HrAvg;HrMin;HrMax;Calories;SpeedAvg;SpeedMax;CadenceAvg;CadenceMax
Biking;2020-05-22 16:02:26+00:00;2020-05-22 18:15:02+00:00;101.07863447791459;72.4000015258789;136.1999969482422;280.3999938964844;280.3999938964844;45942.74;7956.0;109.84656693517454;75;None;761;20.788570135746607;None;None;None
Other;2020-05-25 15:58:03+00:00;2020-05-25 17:51:27+00:00;115.22887754489285;95.0;140.0;672.3998031616211;680.3998031616211;30138.35;6804.0;151.69112252384446;92;None;1278;15.94621693121693;None;None;None
Biking;2020-05-27 14:53:05+00:00;2020-05-27 15:15:10+00:00;125.13579162134266;106.4000015258789;135.39999389648438;44.5999755859375;46.39997863769531;8275.91;1325.0;113.27114967462039;85;None;180;22.485491320754715;None;None;None
Biking;2020-05-27 20:08:04+00:00;2020-05-27 20:23:08+00:00;124.30119769159191;117.80000305175781;136.1999969482422;33.0;39.0;6426.9400000000005;904.0;109.22754491017965;76;None;109;25.59400884955752;None;None;None
Other;2020-05-28 14:52:45+00:00;2020-05-28 15:58:34+00:00;144.94334859659892;130.60000610351562;159.0;430.60009765625;428.0000915527344;16747.02;3949.0;149.20864946889225;86;None;777;15.266971891618134;None;None;None
Other;None;None;None;None;None;0;0;0.0;None;None;None;None;250;None;None;None;None
Running;2020-05-29 12:40:59+00:00;2020-05-29 13:09:21+00:00;128.5569024391046;124.0;131.60000610351562;13.799995422363281;8.79998779296875;2426.64;1702.0;100.45791245791246;79;None;156;5.132728554641598;None;None;None
Running;2020-05-29 13:28:20+00:00;2020-05-29 13:39:50+00:00;131.51181078332615;126.80000305175781;135.1999969482422;6.0;9.399993896484375;1413.97;690.0;109.8267716535433;88;None;86;7.377234782608696;None;None;None
Biking;2020-05-29 19:06:22+00:00;2020-05-29 19:51:38+00:00;122.11492637465982;106.4000015258789;139.1999969482422;247.99983978271484;250.39983367919922;17045.9;2716.0;137.7;88;None;461;22.5939764359352;None;None;None
Other;2020-05-30 12:10:27+00:00;2020-05-30 14:08:16+00:00;173.7295106776993;170.0;180.60000610351562;21.800003051757812;21.20001220703125;9932.05;7069.0;93.13837920489297;61;None;653;5.058053472909888;None;None;None
Other;2020-05-30 15:37:05+00:00;2020-05-30 16:36:34+00:00;122.99235951712961;109.5999984741211;137.60000610351562;423.7998809814453;421.5998840332031;9055.13;3569.0;164.9017178259645;103;None;841;9.133782011768002;None;None;None
Biking;2020-05-31 11:01:32+00:00;2020-05-31 15:11:30+00:00;102.98008459057624;79.5999984741211;147.39999389648438;1796.3999481201172;1772.7999420166016;92817.22;14998.0;149.89414813804393;90;None;2476;22.279103347112947;None;None;None
Running;2020-06-01 16:32:44+00:00;2020-06-01 18:09:18+00:00;138.73629667691173;132.39999389648438;157.8000030517578;297.59999084472656;298.99998474121094;11027.16;5794.0;127.03979328165374;67;None;738;6.851531929582327;None;None;None
Other;None;None;None;None;None;0;0;0.0;None;None;None;None;384;None;None;None;None
Other;2020-06-02 16:42:16+00:00;2020-06-02 17:59:19+00:00;133.83542119102395;121.5999984741211;147.0;357.19970703125;354.7997131347656;20057.489999999998;4623.0;145.90134141064473;79;None;845;15.61907073329007;None;None;None
Biking;2020-06-03 14:51:26+00:00;2020-06-03 16:01:57+00:00;98.71143740811709;72.19999694824219;135.1999969482422;131.60000610351562;136.40000915527344;21539.48;4231.0;113.27577535624476;69;None;491;18.327139683290003;None;None;None
Biking;2020-06-03 16:35:47+00:00;2020-06-03 17:17:21+00:00;108.17689604965085;77.0;135.1999969482422;107.79999542236328;98.79999542236328;15084.46;2494.0;112.13357843137256;71;None;286;21.773879711307135;None;None;None
Running;2020-06-05 16:30:32+00:00;2020-06-05 18:00:16+00:00;128.3420680733943;119.19999694824219;156.39999389648438;282.19984436035156;285.19984436035156;11915.08;5384.0;136.52446256486286;79;None;821;7.966992570579494;None;None;None
Other;None;None;None;None;None;0;0;0.0;None;None;None;None;334;None;None;None;None
Other;None;None;None;None;None;0;0;0.0;None;None;None;None;589;None;None;None;None
Biking;2020-06-08 16:09:38+00:00;2020-06-08 17:23:53+00:00;103.75217392090883;77.4000015258789;131.60000610351562;439.6000061035156;444.00000762939453;31410.47;4455.0;145.55625280143434;81;None;782;25.38219797979798;None;None;None
Other;2020-06-09 14:20:13+00:00;2020-06-09 15:58:43+00:00;114.9160940764539;93.19999694824219;136.39999389648438;648.19970703125;645.19970703125;28496.94;5910.0;162.92518618821936;89;None;1333;17.358542131979696;None;None;None
Biking;2020-06-10 17:00:02+00:00;2020-06-10 18:46:09+00:00;100.9595093154573;72.19999694824219;135.1999969482422;257.0000305175781;257.0000305175781;41531.51;6367.0;111.71364046973802;74;None;665;23.482556305952567;None;None;None
Biking;2020-06-12 17:28:50+00:00;2020-06-12 18:32:36+00:00;49.2890396516358;43.599998474121094;56.79999923706055;281.4000549316406;283.2000541687012;26374.24;3826.0;148.49530271398748;94;None;760;24.816326189231575;None;None;None
Biking;2020-06-13 12:52:30+00:00;2020-06-13 15:50:10+00:00;51.89317800618538;41.0;77.5999984741211;708.1999969482422;691.1999969482422;54350.44;10660.0;125.47198641765705;69;None;1255;18.354745215759852;None;None;None
Other;2020-06-15 16:32:11+00:00;2020-06-15 18:21:44+00:00;117.1773658484723;89.19999694824219;142.8000030517578;697.0001678466797;694.8001708984375;29805.31;6573.0;151.22781155015198;96;None;1236;16.32422272934733;None;None;None
Running;2020-06-16 17:50:00+00:00;2020-06-16 19:00:25+00:00;132.32662915057793;126.5999984741211;151.60000610351562;289.99981689453125;288.79981994628906;10295.83;4225.0;140.26440037771482;84;None;732;8.77277822485207;None;None;None
Other;2020-06-17 14:38:34+00:00;2020-06-17 16:24:53+00:00;123.26406769097524;99.4000015258789;146.8000030517578;560.0000381469727;555.400032043457;28303.65;6379.0;153.76111479761116;88;None;1239;15.973215237498042;None;None;None
Other;2020-06-17 17:44:19+00:00;2020-06-17 17:59:30+00:00;None;None;None;0;0;348.56;911.0;127.97058823529412;105;None;81;1.3774050493962677;None;None;None
Other;None;None;None;None;None;0;0;0.0;None;None;None;None;183;None;None;None;None
Other;2020-06-20 15:32:47+00:00;2020-06-20 16:46:30+00:00;82.7721507426068;57.599998474121094;93.80000305175781;405.3998565673828;403.19985580444336;21004.71;4423.0;159.9118843199277;74;None;973;17.096304770517747;None;None;None
Biking;2020-06-23 16:19:17+00:00;2020-06-23 18:16:23+00:00;122.14852194382156;92.5999984741211;151.1999969482422;736.0001831054688;738.6001739501953;47763.88;7026.0;146.90989198408187;74;None;1245;24.473380017079418;None;None;None
Running;2020-06-23 19:10:06+00:00;2020-06-23 19:57:19+00:00;130.61947474676126;122.80000305175781;138.1999969482422;24.40003204345703;24.40003204345703;4876.5599999999995;2833.0;126.7247191011236;69;None;413;6.196828803388634;None;None;None
Biking;2020-06-24 15:32:26+00:00;2020-06-24 16:00:52+00:00;122.14122165068416;113.19999694824219;136.39999389648438;47.999977111816406;52.5999755859375;9360.86;1706.0;112.54663774403471;81;None;232;19.753280187573274;None;None;None
Biking;2020-06-24 18:08:17+00:00;2020-06-24 18:23:11+00:00;124.89068326298495;106.5999984741211;135.1999969482422;35.600006103515625;42.80000305175781;6334.37;894.0;119.40993788819875;83;None;136;25.50753020134228;None;None;None
Biking;2020-06-25 11:35:59+00:00;2020-06-25 12:32:52+00:00;107.13255131069866;72.19999694824219;136.39999389648438;104.9999771118164;134.39997100830078;19130.13;3413.0;133.33299389002036;82;None;571;20.178279519484324;None;None;None
Biking;2020-06-25 14:57:20+00:00;2020-06-25 16:01:19+00:00;105.49923405881788;79.0;128.39999389648438;91.60002136230469;64.8000259399414;10767.65;3839.0;117.39606126914661;75;None;444;10.097301380567856;None;None;None
Biking;2020-06-25 16:32:56+00:00;2020-06-25 16:52:13+00:00;125.01650011062623;106.4000015258789;135.1999969482422;42.59999084472656;43.399986267089844;7472.6900000000005;1157.0;141.87948717948717;108;None;239;23.251239412273122;None;None;None
Running;2020-06-26 18:04:39+00:00;2020-06-26 19:17:56+00:00;139.30612537432495;132.8000030517578;158.8000030517578;259.0001983642578;258.80018615722656;10279.94;4397.0;138.93708834885305;83;None;711;8.416598589947693;None;None;None
Biking;2020-06-27 13:24:21+00:00;2020-06-27 13:55:20+00:00;122.64921467300069;108.0;136.39999389648438;60.79998016357422;67.59998321533203;10368.98;1859.0;109.83636363636364;74;None;227;20.07978913394298;None;None;None
Biking;2020-06-27 15:39:51+00:00;2020-06-27 16:56:45+00:00;97.85683458177306;72.19999694824219;135.1999969482422;163.00000762939453;154.20000457763672;22604.75;4614.0;117.97815003641661;76;None;546;17.63699609882965;None;None;None
Other;2020-06-28 11:59:58+00:00;2020-06-28 13:03:09+00:00;127.34922310299456;114.0;142.0;383.20018005371094;378.20018005371094;16787.96;3791.0;156.46036344482485;104;None;784;15.942140859931417;None;None;None
Biking;2020-07-01 15:53:44+00:00;2020-07-01 16:57:16+00:00;35.34220592157985;13.399999618530273;65.0;517.5999889373779;522.5999889373779;23961.95;3812.0;147.62090647105057;90;None;712;22.629333683105983;None;None;None
Other;2020-07-03 09:55:34+00:00;2020-07-03 14:53:10+00:00;-5.4385542199504116;-23.799999237060547;40.400001525878906;2277.399996072054;2290.799997597933;96628.17;17856.0;151.72647800504342;83;None;2977;19.481485887096774;None;None;None
Running;2020-07-04 10:31:09+00:00;2020-07-04 11:35:33+00:00;118.03169041196762;98.4000015258789;142.0;267.4000473022461;261.80004119873047;10308.12;3864.0;148.69445161290324;90;None;749;9.603838509316772;None;None;None
Other;2020-07-04 11:45:53+00:00;2020-07-04 12:05:18+00:00;None;None;None;0;0;614.48;1165.0;131.41666666666666;117;None;139;1.8988223175965666;None;None;None
Other;2020-07-05 10:15:44+00:00;2020-07-05 10:59:26+00:00;55.14629623625014;30.600000381469727;76.4000015258789;198.5999813079834;200.5999813079834;3632.5;2622.0;111.3449074074074;79;None;257;4.987414187643021;None;None;None
Biking;2020-07-08 16:42:27+00:00;2020-07-08 18:19:35+00:00;107.07964359856044;77.4000015258789;137.39999389648438;681.6000900268555;682.2000961303711;39791.44;5828.0;145.85726525017134;90;None;990;24.579475634866164;None;None;None
Other;2020-07-09 17:13:28+00:00;2020-07-09 18:13:39+00:00;125.78661869756748;112.0;139.39999389648438;359.40003967285156;357.80003356933594;16874.19;3611.0;151.36991982305778;74;None;726;16.822787039601216;None;None;None
Running;2020-07-11 11:01:08+00:00;2020-07-11 14:39:49+00:00;68.53961446137194;43.79999923706055;88.19999694824219;75.59999084472656;75.59999084472656;21292.31;13121.0;100.02398286937901;81;None;1404;5.8419568630439755;None;None;None
Running;2020-07-13 18:19:40+00:00;2020-07-13 19:02:55+00:00;38.18639507997412;27.799999237060547;56.79999923706055;192.60003089904785;187.60003089904785;10076.95;2595.0;143.5065334358186;106;None;572;13.979583815028903;None;None;None
Other;2020-07-14 16:36:14+00:00;2020-07-14 17:35:26+00:00;141.04822937835127;127.19999694824219;154.8000030517578;343.5998764038086;341.7998733520508;16795.63;3552.0;159.47554806070826;90;None;802;17.022597972972974;None;None;None
Biking;2020-07-15 15:06:36+00:00;2020-07-15 15:19:23+00:00;130.13057036721028;121.19999694824219;144.1999969482422;65.20008850097656;65.00009155273438;4803.349999999999;767.0;130.5336787564767;76;None;125;22.545058670143412;None;None;None
Biking;2020-07-15 15:20:03+00:00;2020-07-15 18:15:40+00:00;104.29550800005354;82.5999984741211;138.1999969482422;1005.0000686645508;1000.2000732421875;73761.97;10537.0;158.62029397818873;98;None;1972;25.20101471006928;None;None;None
Other;2020-07-16 16:16:19+00:00;2020-07-16 18:24:18+00:00;133.59125752247013;124.19999694824219;147.60000610351562;58.80005645751953;58.80005645751953;12089.98;7679.0;105.46133154001345;56;None;851;5.6679161349134;None;None;None
Other;2020-07-17 14:26:18+00:00;2020-07-17 16:22:40+00:00;119.0567792198478;91.5999984741211;144.1999969482422;709.1997680664062;710.3997650146484;31453.07;6982.0;149.4144415733563;82;None;1301;16.217566886279002;None;None;None
Biking;2020-07-20 15:26:51+00:00;2020-07-20 17:12:57+00:00;117.03707649178307;89.19999694824219;157.0;596.7999267578125;591.1999206542969;47423.88;6366.0;149.63644918444166;99;None;1151;26.818405278039585;None;None;None
Other;2020-07-21 16:24:28+00:00;2020-07-21 18:12:06+00:00;133.09059977369245;112.19999694824219;155.1999969482422;556.1998901367188;554.9998779296875;28337.82;6458.0;142.84894867037724;69;None;1063;15.796864663982658;None;None;None
Running;2020-07-13 19:25:32+00:00;2020-07-13 19:33:41+00:00;206.100815068459;205.60000610351562;206.60000610351562;6.1999359130859375;5.1999359130859375;181.46;489.0;None;None;None;10;1.3359018404907976;None;None;None
Running;2020-07-22 16:41:13+00:00;2020-07-22 18:09:09+00:00;159.815951811481;150.0;180.8000030517578;336.79994201660156;329.79994201660156;14536.07;5276.0;147.6136836136836;104;None;996;9.918470811220622;None;None;None
Biking;2020-07-24 19:29:15+00:00;2020-07-24 20:06:05+00:00;None;None;None;0;0;15112.37;2210.0;137.3324432576769;75;None;408;24.617435294117648;None;None;None
Running;2020-07-25 11:21:28+00:00;2020-07-25 12:01:10+00:00;None;None;None;0;0;5276.31;2382.0;132.52866242038218;89;None;407;7.974272040302268;None;None;None
Biking;2020-07-26 15:38:01+00:00;2020-07-26 17:30:34+00:00;102.77654194588528;77.80000305175781;151.0;608.0000686645508;607.200065612793;38642.5;6753.0;123.15264014199083;62;None;823;20.600177698800533;None;None;None
Other;2020-07-27 15:31:17+00:00;2020-07-27 17:14:42+00:00;125.337119845009;104.5999984741211;148.39999389648438;535.8002548217773;534.6002426147461;28298.1;6205.0;146.16580811332904;74;None;1103;16.41791458501209;None;None;None
Running;2020-07-28 17:11:11+00:00;2020-07-28 17:56:50+00:00;136.48784572484712;126.5999984741211;155.60000610351562;181.39984130859375;178.59983825683594;8310.78;2739.0;153.20960698689956;59;None;581;10.923259583789706;None;None;None
Biking;2020-07-30 16:55:53+00:00;2020-07-30 18:56:06+00:00;107.94010803611361;79.4000015258789;142.39999389648438;611.9998550415039;619.3998565673828;49411.57;7213.0;None;None;None;1845;24.661257729100235;None;None;None
Other;2020-07-31 15:39:47+00:00;2020-07-31 17:21:06+00:00;115.4023649128303;88.80000305175781;141.39999389648438;695.3999862670898;697.1999740600586;32022.84;6079.0;153.22013820335636;77;None;1148;18.964011186050335;None;None;None
Other;2020-08-03 16:01:50+00:00;2020-08-03 17:33:36+00:00;92.6482119986963;65.5999984741211;120.4000015258789;570.4000473022461;578.0000534057617;33614.86;5506.0;None;None;None;1467;21.978477297493647;None;None;None
Other;2020-08-04 15:00:59+00:00;2020-08-04 16:37:35+00:00;91.5664311210174;71.4000015258789;115.4000015258789;574.2002182006836;573.4002227783203;30165.06;5796.0;163.25925270054896;95;None;1272;18.736062111801246;None;None;None
Running;2020-08-05 16:16:03+00:00;2020-08-05 17:16:51+00:00;82.00300721616416;74.80000305175781;99.19999694824219;244.60008239746094;245.80007934570312;9047.05;3648.0;143.26544559868782;83;None;621;8.928009868421052;None;None;None
Other;2020-08-07 16:12:29+00:00;2020-08-07 17:56:14+00:00;130.74534954391586;104.0;154.8000030517578;666.2000885009766;664.6000823974609;31918.96;6225.0;151.7871009144874;89;None;1191;18.459157590361446;None;None;None
Biking;2020-08-08 10:58:36+00:00;2020-08-08 15:37:39+00:00;122.7404771284196;89.80000305175781;180.39999389648438;1634.799575805664;1616.3995819091797;100654.43;16743.0;160.0741859891465;90;None;3054;21.64223544167712;None;None;None
Running;2020-08-10 16:32:39+00:00;2020-08-10 17:27:30+00:00;131.13676893656887;120.4000015258789;146.1999969482422;194.00017547607422;197.60018157958984;7903.36;3291.0;134.54501364049713;65;None;546;8.645425706472198;None;None;None
Other;None;None;None;None;None;0;0;0.0;None;None;None;None;282;None;None;None;None
Running;2020-08-12 17:32:51+00:00;2020-08-12 18:47:03+00:00;133.17452981926655;119.4000015258789;147.0;187.40009307861328;183.40009307861328;15039.45;4452.0;157.68688451208595;97;None;1005;12.161280323450136;None;None;None
Other;2020-08-13 16:01:27+00:00;2020-08-13 17:35:05+00:00;82.20632550931604;60.400001525878906;104.80000305175781;502.5999984741211;501.3999938964844;28308.04;5618.0;144.02594171997157;77;None;1052;18.13971947312211;None;None;None
Biking;2020-08-14 16:47:14+00:00;2020-08-14 17:24:13+00:00;111.29476520103096;85.5999984741211;137.0;193.20004272460938;206.20004272460938;15413.390000000003;2219.0;133.3807606263982;55;None;389;25.00595042812078;None;None;None
Running;2020-08-14 17:26:15+00:00;2020-08-14 17:47:04+00:00;100.99840256200432;89.0;116.4000015258789;91.80000305175781;91.60000610351562;3254.85;1249.0;141.88141025641025;98;None;260;9.381473178542834;None;None;None
Biking;2020-08-14 17:48:01+00:00;2020-08-14 18:26:04+00:00;102.5017053381449;76.5999984741211;127.5999984741211;233.20001983642578;217.40001678466797;15963.77;2283.0;143.78405606657907;103;None;471;25.17283048620237;None;None;None
Other;2020-08-15 07:38:25+00:00;2020-08-15 08:50:54+00:00;139.7809982671517;123.4000015258789;147.60000610351562;22.200027465820312;44.4000244140625;6993.9400000000005;4349.0;109.39220462850183;67;None;522;5.789419176822259;None;None;None
Other;2020-08-17 16:33:45+00:00;2020-08-17 17:27:52+00:00;137.26326466750044;124.0;150.60000610351562;329.79994201660156;328.79994201660156;16837.36;3247.0;153.24008607439288;86;None;720;18.667846011703112;None;None;None
Biking;2020-08-18 15:40:05+00:00;2020-08-18 17:57:27+00:00;96.16653815489796;72.4000015258789;129.1999969482422;819.8000183105469;819.0000228881836;59012.30000000001;8242.0;143.26828093000844;88;None;1337;25.775816549381222;None;None;None
Other;2020-08-19 14:31:12+00:00;2020-08-19 16:05:01+00:00;133.9212272415391;113.0;156.8000030517578;533.4000701904297;538.6000671386719;28428.32;5629.0;147.79127504876752;80;None;1081;18.18119594954699;None;None;None
Other;2020-08-20 14:18:58+00:00;2020-08-20 16:39:02+00:00;117.86056860774823;86.0;159.60000610351562;715.1998062133789;713.7997970581055;39738.86;8404.0;132.0620911145474;67;None;1244;17.022833888624465;None;None;None
Biking;2020-08-21 16:21:35+00:00;2020-08-21 18:04:36+00:00;114.38003230056393;84.5999984741211;140.8000030517578;637.1999969482422;636.5999984741211;43847.64;6181.0;149.76962843295638;91;None;1132;25.538182171169712;None;None;None
Biking;2020-08-25 15:21:43+00:00;2020-08-25 16:32:07+00:00;151.1763119817062;129.39999389648438;173.8000030517578;362.2001647949219;363.60015869140625;28681.64;4224.0;139.02630331753554;74;None;764;24.444579545454545;None;None;None
Other;2020-08-26 13:54:46+00:00;2020-08-26 15:06:20+00:00;135.90392933543743;120.80000305175781;151.1999969482422;397.2001953125;398.2001953125;18341.71;4294.0;135.48779353638687;81;None;702;15.377306939916162;None;None;None
Biking;2020-08-27 14:50:47+00:00;2020-08-27 16:14:36+00:00;114.37163845694882;87.5999984741211;141.0;493.40006256103516;498.0000686645508;29996.41;5029.0;120.09791459781529;66;None;640;21.472872539272224;None;None;None
Other;2020-08-28 15:00:15+00:00;2020-08-28 16:45:28+00:00;115.99791237298548;94.80000305175781;138.8000030517578;563.9999237060547;562.5999298095703;29726.54;6313.0;136.91791870947335;85;None;1029;16.951614763187077;None;None;None
Other;2020-08-29 15:51:51+00:00;2020-08-29 17:10:49+00:00;129.5276598249163;124.80000305175781;135.1999969482422;21.799942016601562;21.799942016601562;4695.18;4738.0;93.85410334346504;44;None;380;3.567464753060363;None;None;None
Biking;2020-08-31 14:35:06+00:00;2020-08-31 16:03:33+00:00;108.12285981918436;78.4000015258789;131.39999389648438;638.599983215332;645.7999877929688;37244.14;5307.0;147.7230479774224;81;None;1018;25.264538157150934;None;None;None
Biking;2020-08-31 18:19:07+00:00;2020-08-31 18:39:09+00:00;128.05978298187256;122.0;135.1999969482422;29.399978637695312;29.399978637695312;5836.26;1202.0;111.2336956521739;90;None;141;17.47964725457571;None;None;None
Other;2020-09-01 15:33:46+00:00;2020-09-01 17:15:26+00:00;127.23727704015228;100.80000305175781;154.60000610351562;653.4001693725586;656.4001693725586;30006.5;6100.0;146.73850433644247;91;None;1086;17.708754098360657;None;None;None
Biking;2020-09-02 14:42:35+00:00;2020-09-02 17:36:19+00:00;102.53058058458582;78.19999694824219;134.1999969482422;1190.8001403808594;1187.2001419067383;73559.84;10424.0;None;None;None;2858;25.404396009209513;None;None;None
Running;2020-09-03 15:58:48+00:00;2020-09-03 17:20:44+00:00;124.9834381763171;118.5999984741211;144.60000610351562;272.8001022338867;270.40010833740234;10424.19;4916.0;139.7024884386699;90;None;818;7.6336623270952;None;None;None
Biking;2020-09-07 15:55:03+00:00;2020-09-07 16:39:20+00:00;136.1939872389044;123.0;149.39999389648438;275.9999694824219;277.1999816894531;17599.58;2657.0;145.92596768132282;110;None;501;23.845874294316904;None;None;None
Running;2020-09-07 17:02:57+00:00;2020-09-07 18:02:35+00:00;133.05852174639202;125.5999984741211;151.0;184.5999755859375;184.99996948242188;6644.97;3578.0;133.684239888424;71;None;526;6.685827836780325;None;None;None
Running;2020-09-10 15:47:37+00:00;2020-09-10 17:09:20+00:00;161.58751778506632;148.60000610351562;177.60000610351562;316.2000732421875;328.2000732421875;15080.67;4903.0;160.10693230331367;88;None;1024;11.072896593922088;None;None;None
Running;2020-09-11 18:33:28+00:00;2020-09-11 19:11:54+00:00;128.66454805779864;122.0;135.8000030517578;24.399993896484375;24.79999542236328;5417.67;2306.0;137.91687041564794;94;None;426;8.457767562879445;None;None;None
Other;2020-09-14 13:36:33+00:00;2020-09-14 15:25:18+00:00;113.96159729905052;86.80000305175781;141.39999389648438;714.4001617431641;717.2001647949219;31128.78;6525.0;155.9238066095471;83;None;1271;17.174499310344828;None;None;None
Biking;2020-09-15 14:49:17+00:00;2020-09-15 16:35:07+00:00;105.63441327368925;80.4000015258789;153.60000610351562;564.4001007080078;561.8001022338867;39118.25;6350.0;142.17395407360806;85;None;1065;22.17727559055118;None;None;None
Running;2020-09-16 14:00:18+00:00;2020-09-16 15:16:14+00:00;125.01059043254175;114.4000015258789;139.60000610351562;209.59996795654297;201.59996795654297;12655.84;4556.0;147.60492482022227;66;None;858;10.00022475856014;None;None;None
Running;2020-09-18 15:40:27+00:00;2020-09-18 17:13:55+00:00;128.44995554063584;114.5999984741211;144.0;264.20008850097656;268.20008850097656;17068.98;5608.0;157.27502222222222;96;None;1069;10.95726248216833;None;None;None
Other;2020-09-21 15:44:06+00:00;2020-09-21 16:43:05+00:00;145.74110017892167;131.39999389648438;160.1999969482422;397.19989013671875;394.99989318847656;16847.53;3539.0;151.88349788434414;82;None;754;17.137922576999152;None;None;None
Running;2020-09-22 15:15:30+00:00;2020-09-22 16:22:36+00:00;130.64460440777395;124.0;149.8000030517578;239.40009307861328;236.40009307861328;9794.37;4026.0;149.08360208385017;82;None;776;8.758005961251865;None;None;None
Other;None;None;None;None;None;0;0;0.0;None;None;None;None;270;None;None;None;None
Biking;2020-09-23 13:50:41+00:00;2020-09-23 15:13:24+00:00;117.19058533113886;88.5999984741211;141.60000610351562;618.599983215332;619.9999771118164;35703.6;4963.0;156.94789780728223;97;None;1010;25.898238968365906;None;None;None
Running;2020-09-24 16:47:23+00:00;2020-09-24 18:14:59+00:00;145.24792267986277;132.39999389648438;158.60000610351562;225.99993896484375;222.5999298095703;14210.39;5256.0;145.56258309591644;88;None;967;9.733143835616438;None;None;None
Other;2020-09-25 17:20:06+00:00;2020-09-25 18:36:04+00:00;127.50042425692503;120.19999694824219;135.8000030517578;25.4000244140625;25.20001983642578;5893.39;4558.0;88.87553041018387;55;None;422;4.654717858709962;None;None;None
Biking;2020-09-26 14:24:02+00:00;2020-09-26 16:33:52+00:00;104.62189459485926;77.80000305175781;147.1999969482422;847.7998733520508;859.7998733520508;56408.23;7790.0;None;None;None;2294;26.067988189987165;None;None;None
Other;2020-09-27 14:08:33+00:00;2020-09-27 15:49:38+00:00;119.74479015209057;97.4000015258789;142.0;600.400260925293;602.400260925293;29041.29;6065.0;151.3117695473251;77;None;1129;17.23802868920033;None;None;None
Running;2020-09-29 16:44:13+00:00;2020-09-29 17:43:54+00:00;142.95403866993684;131.60000610351562;158.1999969482422;262.00010681152344;262.80010986328125;8514.62;3581.0;146.07756696428572;86;None;673;8.559796704831053;None;None;None
Running;2020-10-01 16:18:08+00:00;2020-10-01 17:04:38+00:00;130.15232314954406;123.0;138.1999969482422;160.79991912841797;159.19991302490234;7413.33;2790.0;147.7373123659757;86;None;520;9.565587096774193;None;None;None
Running;2020-10-05 14:14:32+00:00;2020-10-05 15:30:02+00:00;119.26511215397926;106.0;133.0;209.00019073486328;206.60018920898438;15666.77;4530.0;169.115486141663;82;None;1122;12.450413245033113;None;None;None
Other;2020-10-06 15:35:15+00:00;2020-10-06 16:52:07+00:00;132.37247066722196;121.80000305175781;143.0;33.60003662109375;33.60003662109375;7014.63;4612.0;101.01529411764706;82;None;463;5.47542671292281;None;None;None
Running;2020-10-08 16:03:07+00:00;2020-10-08 16:58:33+00:00;133.98980186338832;123.5999984741211;144.60000610351562;151.39998626708984;151.39998626708984;9623.78;3326.0;143.6013797240552;82;None;615;10.416598917618762;None;None;None
Running;2020-10-10 10:01:56+00:00;2020-10-10 11:40:09+00:00;95.3437700814951;82.19999694824219;120.80000305175781;319.5998992919922;328.39990234375;21277.92;5893.0;179.6028740490279;123;None;1703;12.998559647038858;None;None;None
Running;2020-10-13 13:46:20+00:00;2020-10-13 15:03:49+00:00;132.5140966507832;121.80000305175781;146.1999969482422;48.400001525878906;48.19999694824219;8754.27;4649.0;117.38656387665198;69;None;588;6.77895719509572;None;None;None
Running;2020-10-28 13:05:33+00:00;2020-10-28 14:02:58+00:00;126.65991290654183;115.0;147.1999969482422;208.3999481201172;207.5999526977539;9013.91;3445.0;None;None;None;715;9.419470537010161;None;None;None
Running;2020-10-29 15:23:24+00:00;2020-10-29 15:58:40+00:00;127.46077924455915;119.19999694824219;136.0;26.20001220703125;26.20001220703125;5676.93;2116.0;141.63116883116882;75;None;424;9.658293005671078;None;None;None
Other;2020-10-30 19:17:43+00:00;2020-10-30 19:45:54+00:00;126.1466661939434;121.80000305175781;131.1999969482422;10.599983215332031;10.999984741210938;2627.82;1691.0;107.52549019607844;80;None;184;5.594412773506801;None;None;None
Running;2020-10-31 12:39:21+00:00;2020-10-31 14:05:51+00:00;120.199884646722;107.0;135.1999969482422;198.2001495361328;190.8001480102539;15019.94;5190.0;151.53161637516817;84;None;1033;10.418455491329482;None;None;None
Other;2020-11-03 13:31:18+00:00;2020-11-03 13:50:34+00:00;125.97927453233788;124.19999694824219;127.80000305175781;6.000007629394531;6.000007629394531;1839.27;1156.0;101.86528497409327;85;None;147;5.72783044982699;None;None;None
Running;2020-11-09 13:28:36+00:00;2020-11-09 14:29:01+00:00;154.56021991713996;141.0;172.0;226.59983825683594;229.9998321533203;9324.25;3625.0;144.14993122420907;91;None;700;9.259944827586207;None;None;None
Other;2020-11-16 18:35:42+00:00;2020-11-16 18:57:05+00:00;126.651612804782;124.0;131.1999969482422;9.399993896484375;9.599990844726562;2271.54;1283.0;105.9815668202765;85;None;167;6.37376773187841;None;None;None
Running;2020-11-20 15:17:40+00:00;2020-11-20 16:13:56+00:00;183.8213295061796;168.1999969482422;203.8000030517578;217.39996337890625;227.59996032714844;8866.04;3376.0;156.55184638109307;121;None;748;9.454308056872039;None;None;None
Running;2020-11-24 18:29:10+00:00;2020-11-24 19:20:05+00:00;186.58257186630686;176.0;207.39999389648438;202.40017700195312;202.40017700195312;8230.14;3055.0;150.12369451697128;84;None;591;9.69836464811784;None;None;None
Running;2020-11-28 14:36:47+00:00;2020-11-28 15:49:49+00:00;116.67109384508547;101.80000305175781;132.1999969482422;175.8001251220703;181.20012664794922;14760.08;4382.0;168.47373209006142;106;None;1112;12.126035600182565;None;None;None
Running;2020-12-01 16:32:14+00:00;2020-12-01 17:33:41+00:00;139.27023822611028;124.4000015258789;158.60000610351562;213.60012817382812;222.0001220703125;8510.2;3687.0;140.88798701298703;77;None;655;8.309389747762408;None;None;None
Running;2020-12-03 17:18:12+00:00;2020-12-03 18:12:40+00:00;141.00842485905275;129.0;160.8000030517578;271.80003356933594;262.0000457763672;8700.6;3268.0;156.18345543345544;122;None;722;9.584504283965728;None;None;None
Running;2020-12-08 14:30:11+00:00;2020-12-08 15:33:13+00:00;123.97066721995441;108.5999984741211;143.39999389648438;262.19996643066406;266.19996643066406;9597.37;3782.0;152.025850699024;94;None;762;9.135518773135907;None;None;None
Running;2020-12-10 20:13:35+00:00;2020-12-10 20:57:07+00:00;132.556582127102;122.0;143.0;33.19999694824219;33.400001525878906;6943.52;2612.0;139.17551963048498;62;None;512;9.56993568147014;None;None;None
Running;2020-12-11 12:41:56+00:00;2020-12-11 13:50:18+00:00;138.96395910760307;129.39999389648438;156.8000030517578;266.800048828125;263.0000457763672;10129.57;4102.0;151.49100194552528;103;None;785;8.889920039005364;None;None;None
Other;2020-12-14 11:50:23+00:00;2020-12-14 13:21:03+00:00;117.98891380462308;109.80000305175781;127.80000305175781;31.199989318847656;31.399986267089844;5983.6900000000005;5440.0;94.82039911308205;55;None;459;3.959794852941177;None;None;None
Running;2020-12-14 16:00:18+00:00;2020-12-14 16:28:57+00:00;179.86550723753115;173.39999389648438;186.1999969482422;83.99993896484375;80.99993896484375;5697.28;1719.0;None;None;None;487;11.931476439790575;None;None;None
Running;2020-12-15 17:24:37+00:00;2020-12-15 18:47:27+00:00;125.02310942991328;110.4000015258789;139.39999389648438;231.9998779296875;229.1998748779297;14747.42;4970.0;155.63891675025076;99;None;1020;10.682235814889337;None;None;None
Other;2020-12-16 14:17:35+00:00;2020-12-16 15:08:22+00:00;128.612877598231;122.0;135.8000030517578;22.800010681152344;22.400009155273438;4663.28;3047.0;94.20523138832998;67;None;288;5.509618641286512;None;None;None
Other;2020-12-17 11:34:08+00:00;2020-12-17 13:10:22+00:00;122.41136767731007;104.5999984741211;138.60000610351562;67.20001983642578;67.20001983642578;9687.99;5774.0;116.15414258188825;67;None;721;6.040312435053689;None;None;None
Other;2020-12-19 10:59:04+00:00;2020-12-19 11:29:13+00:00;128.47165176058854;124.19999694824219;133.39999389648438;15.600006103515625;9.000007629394531;2575.41;1809.0;104.80062305295951;84;None;169;5.1251940298507455;None;None;None
Other;2020-12-22 11:16:32+00:00;2020-12-22 11:33:17+00:00;93.41059718858327;92.5999984741211;93.80000305175781;1.2000045776367188;0;495.36;1005.0;98.28476821192054;79;None;83;1.774423880597015;None;None;None
Running;2020-12-23 17:09:43+00:00;2020-12-23 18:02:37+00:00;110.69107487245148;90.19999694824219;149.0;194.59998321533203;195.39998626708984;7328.42;3174.0;134.81772470144563;64;None;493;8.312007561436673;None;None;None
Running;2020-12-28 16:51:06+00:00;2020-12-28 17:45:14+00:00;118.20380611197213;106.0;129.0;278.80003356933594;276.00003814697266;9261.32;3248.0;154.09208103130754;87;None;719;10.26500985221675;None;None;None
Other;2020-12-30 12:48:33+00:00;2020-12-30 14:26:06+00:00;135.75647956951443;121.80000305175781;147.60000610351562;49.399986267089844;49.59998321533203;9649.84;5853.0;122.39458413926499;63;None;757;5.935319323423885;None;None;None
Other;2020-12-31 11:31:41+00:00;2020-12-31 12:43:36+00:00;93.99824776010907;70.4000015258789;134.39999389648438;469.40003967285156;479.80004119873047;8922.54;4315.0;119.38423028785982;72;None;625;7.44406581691773;None;None;None
Other;2021-01-04 15:28:57+00:00;2021-01-04 17:04:49+00:00;123.28129228701583;106.4000015258789;162.0;739.0002593994141;742.0002593994141;22911.47;5752.0;161.19854090672226;103;None;1206;14.339584840055634;None;None;None
Other;2021-01-05 16:40:24+00:00;2021-01-05 17:34:44+00:00;120.93876798058666;110.0;132.8000030517578;486.9998779296875;484.3998794555664;13722.49;3260.0;158.29420778424762;94;None;738;15.153669938650308;None;None;None
Other;2021-01-05 19:57:46+00:00;2021-01-05 20:45:07+00:00;127.2405729635234;122.0;135.8000030517578;18.20000457763672;17.599998474121094;3733.71;2841.0;101.65155131264916;84;None;269;4.73120591341077;None;None;None
Running;2021-01-08 16:48:21+00:00;2021-01-08 17:44:37+00:00;44.51441235438086;41.0;51.20000076293945;101.79987335205078;102.59987258911133;9157.21;3376.0;141.5360307147076;71;None;629;9.764797393364928;None;None;None
Other;2021-01-11 15:48:50+00:00;2021-01-11 17:22:00+00:00;127.83903483918354;109.4000015258789;151.39999389648438;644.7999877929688;637.5999908447266;20194.8;5590.0;161.44950848972297;97;None;1240;13.005595706618962;None;None;None
Other;2021-01-13 16:04:11+00:00;2021-01-13 17:36:58+00:00;115.43589377557299;102.19999694824219;129.8000030517578;737.8000640869141;743.200065612793;22920.67;5567.0;158.34170854271358;100;None;1162;14.822060714927249;None;None;None
Other;2021-01-14 20:54:32+00:00;2021-01-14 21:15:48+00:00;125.77025686410757;123.19999694824219;128.8000030517578;8.000007629394531;8.200004577636719;1993.79;1276.0;100.27692307692308;65;None;139;5.625112852664577;None;None;None
Running;2021-01-15 15:16:34+00:00;2021-01-15 16:12:29+00:00;118.00998804316934;108.19999694824219;129.1999969482422;142.20001983642578;137.0000228881836;8765.7;3355.0;147.48870392390012;98;None;652;9.405818181818182;None;None;None
Other;2021-01-16 11:31:31+00:00;2021-01-16 12:15:59+00:00;130.63159850080197;109.4000015258789;148.0;341.0000686645508;339.6000747680664;11225.8;2668.0;161.81767128416323;92;None;623;15.147256371814093;None;None;None
Other;2021-01-17 15:51:21+00:00;2021-01-17 16:57:28+00:00;123.03031981906973;107.80000305175781;136.60000610351562;477.60001373291016;474.80001068115234;17106.44;3967.0;156.7126668345505;97;None;864;15.523867910259641;None;None;None
Other;2021-01-18 15:12:07+00:00;2021-01-18 16:31:48+00:00;132.31651938621428;111.5999984741211;161.60000610351562;671.3999481201172;667.9999465942383;19293.37;4781.0;150.3144518630196;86;None;927;14.527532315415185;None;None;None
Other;2021-01-19 16:32:02+00:00;2021-01-19 17:31:38+00:00;147.24716388183322;130.1999969482422;163.60000610351562;487.1999816894531;485.5999755859375;13614.89;3576.0;159.2587314892428;99;None;824;13.706265100671141;None;None;None
Other;2021-01-22 15:21:12+00:00;2021-01-22 16:38:35+00:00;138.9360878314155;119.0;160.1999969482422;509.00023651123047;493.6002426147461;17385.52;4643.0;160.72778136432106;107;None;1058;13.480049967693303;None;None;None
Other;2021-01-23 16:06:43+00:00;2021-01-23 16:23:56+00:00;114.10512073903844;103.0;124.0;166.60001373291016;159.60001373291016;5049.26;1033.0;169.0927536231884;103;None;265;17.596646660212972;None;None;None
Other;2021-01-23 16:24:18+00:00;2021-01-23 17:14:05+00:00;115.48849499807709;105.5999984741211;127.80000305175781;320.2000274658203;334.0000305175781;11167.68;2987.0;153.7913043478261;96;None;645;13.45954067626381;None;None;None
Other;2021-01-23 20:01:38+00:00;2021-01-23 20:29:09+00:00;126.4623187797657;121.80000305175781;131.1999969482422;10.400001525878906;10.400001525878906;2467.85;1651.0;101.1195652173913;84;None;157;5.38113870381587;None;None;None
Other;2021-01-24 13:08:38+00:00;2021-01-24 13:46:29+00:00;132.53198410349694;107.4000015258789;154.60000610351562;278.40006256103516;278.20005798339844;8977.24;2271.0;155.81786185657722;97;None;520;14.23076354029062;None;None;None
Running;2021-01-24 16:43:57+00:00;2021-01-24 17:26:18+00:00;127.48362733855356;109.80000305175781;135.8000030517578;44.399986267089844;44.79998779296875;6260.41;2541.0;138.2670025188917;92;None;478;8.869530106257379;None;None;None
Other;2021-01-26 16:37:50+00:00;2021-01-26 17:32:28+00:00;115.32477905124617;102.4000015258789;126.0;416.6000213623047;414.0000228881836;13672.57;3278.0;166.12922889363;95;None;815;15.015635143380111;None;None;None
Other;2021-01-27 16:45:01+00:00;2021-01-27 18:07:53+00:00;137.36511262973406;102.0;172.1999969482422;516.0002212524414;515.2002334594727;15916.69;4972.0;155.71040996784566;104;None;1034;11.524554304102978;None;None;None
Other;2021-01-28 13:31:25+00:00;2021-01-28 15:33:28+00:00;131.59391381542756;90.5999984741211;163.1999969482422;840.7997360229492;838.5997314453125;27795.06;7323.0;159.9722980349345;103;None;1518;13.66410159770586;None;None;None
Other;2021-01-30 16:22:09+00:00;2021-01-30 17:47:34+00:00;110.84994154664275;94.80000305175781;136.1999969482422;635.6000595092773;633.2000579833984;20566.8;5125.0;162.89668615984405;100;None;1146;14.44692292682927;None;None;None
Other;2021-02-02 12:48:14+00:00;2021-02-02 14:53:49+00:00;142.3464669241887;97.19999694824219;171.39999389648438;1029.5998916625977;1027.1998825073242;35152.69;7535.0;168.26382076097045;101;None;1794;16.794914930325152;None;None;None
Other;2021-02-07 11:02:57+00:00;2021-02-07 12:17:03+00:00;99.8497138721282;77.19999694824219;134.60000610351562;1053.6000518798828;1026.6000518798828;20059.13;4446.0;146.90269828291088;103;None;894;16.24221052631579;None;None;None
Other;2021-02-08 14:54:52+00:00;2021-02-08 15:53:02+00:00;128.33749293571344;103.80000305175781;150.1999969482422;512.1999282836914;509.7999267578125;16585.45;3490.0;160.99112764739553;100;None;798;17.108200573065904;None;None;None
Other;2021-02-09 17:30:42+00:00;2021-02-09 18:15:59+00:00;118.55036767791299;105.80000305175781;133.8000030517578;333.6001434326172;333.6001434326172;12841.56;2717.0;158.72536764705882;90;None;624;17.014948840633053;None;None;None
Other;2021-02-10 17:10:28+00:00;2021-02-10 17:50:34+00:00;108.33258611505681;96.5999984741211;120.19999694824219;345.3999938964844;346.59999084472656;10480.43;2406.0;162.15317559153175;66;None;588;15.681441396508728;None;None;None
Other;2021-02-12 15:03:21+00:00;2021-02-12 16:31:11+00:00;149.41311842931955;103.80000305175781;176.39999389648438;702.9998474121094;703.9998474121094;24339.28;5270.0;168.4352606635071;107;None;1254;16.62645313092979;None;None;None
Other;2021-02-13 11:32:18+00:00;2021-02-13 12:38:24+00:00;124.07707816059103;101.80000305175781;145.60000610351562;516.6001510620117;514.2001495361328;16840.2;3966.0;157.38715365239295;108;None;883;15.286111951588504;None;None;None
Other;2021-02-13 15:11:34+00:00;2021-02-13 16:18:37+00:00;128.24868433099044;122.0;134.8000030517578;27.000015258789062;27.000015258789062;5783.42;4023.0;104.42105263157895;69;None;396;5.175319910514542;None;None;None
Other;2021-02-15 15:13:54+00:00;2021-02-15 16:37:09+00:00;133.5980800491333;96.0;163.60000610351562;626.7998886108398;616.9998931884766;22273.89;4995.0;150.8492;86;None;1002;16.053254054054054;None;None;None
Other;2021-02-16 15:57:58+00:00;2021-02-16 16:42:01+00:00;139.76840519634774;126.19999694824219;155.1999969482422;340.6001281738281;339.6001281738281;12781.28;2643.0;160.3231292517007;109;None;629;17.40923496027242;None;None;None
Other;2021-02-19 14:49:25+00:00;2021-02-19 17:03:25+00:00;141.19783760583726;101.19999694824219;173.39999389648438;967.6000061035156;971.6000061035156;34484.96;8040.0;161.68410587796694;92;None;1696;15.441026865671642;None;None;None
Other;2021-02-21 11:09:17+00:00;2021-02-21 13:02:05+00:00;103.3404017277744;78.4000015258789;137.8000030517578;519.3998641967773;521.7998657226562;18833.97;6768.0;141.8034554046072;83;None;1058;10.018069148936172;None;None;None
Other;2021-02-22 15:10:41+00:00;2021-02-22 16:18:27+00:00;125.3837347100935;110.5999984741211;152.8000030517578;524.1997451782227;522.9997482299805;19459.67;4066.0;160.91375921375922;91;None;905;17.22941760944417;None;None;None
Other;2021-02-25 14:18:53+00:00;2021-02-25 14:52:26+00:00;123.95464662459703;119.19999694824219;127.80000305175781;10.800010681152344;10.000007629394531;2228.49;2013.0;96.26765799256506;79;None;617;3.985377049180328;None;None;None
Other;2021-02-26 16:24:05+00:00;2021-02-26 17:18:40+00:00;115.62892010533425;101.5999984741211;128.60000610351562;449.7999725341797;456.59996795654297;14010.6;3275.0;169.77882855399633;107;None;805;15.400964885496183;None;None;None
Other;2021-02-27 10:29:14+00:00;2021-02-27 11:00:14+00:00;141.882769782762;119.80000305175781;161.39999389648438;245.0000991821289;254.40009307861328;10070.77;1860.0;171.6484165324745;116;None;489;19.49181290322581;None;None;None
Other;2021-02-27 11:01:52+00:00;2021-02-27 11:50:52+00:00;142.23261974411193;112.5999984741211;165.1999969482422;390.5997772216797;377.1997833251953;11842.94;2940.0;160.84777437988447;123;None;668;14.501559183673471;None;None;None
Other;2021-02-28 15:13:53+00:00;2021-02-28 16:44:59+00:00;168.35150756222575;132.60000610351562;193.8000030517578;829.2000427246094;827.800048828125;30291.49;5466.0;170.24739630915403;107;None;1364;19.950487376509333;None;None;None
Running;2021-02-28 16:51:26+00:00;2021-02-28 17:02:31+00:00;122.08395818112672;115.5999984741211;129.8000030517578;26.800010681152344;25.800010681152344;1528.46;665.0;142.01799100449776;121;None;138;8.274369924812031;None;None;None
Other;2021-03-01 14:59:16+00:00;2021-03-01 15:59:37+00:00;130.8003309157799;107.4000015258789;152.1999969482422;517.0000457763672;516.2000427246094;16655.74;3621.0;151.8168275862069;97;None;740;16.5591449875725;None;None;None
Running;2021-03-02 16:21:27+00:00;2021-03-02 17:13:58+00:00;136.02170210599672;127.0;150.1999969482422;161.19994354248047;159.39994049072266;9188.01;3151.0;147.17367921543814;90;None;648;10.49725039669946;None;None;None
Other;2021-03-04 16:35:33+00:00;2021-03-04 17:28:44+00:00;118.66967132281809;104.19999694824219;137.39999389648438;534.2000732421875;539.2000732421875;15993.710000000001;3191.0;164.43098591549295;75;None;779;18.04367157630837;None;None;None
Other;2021-03-05 14:47:38+00:00;2021-03-05 16:57:29+00:00;142.28889744783058;106.4000015258789;176.0;1118.8000030517578;1125.6000061035156;40168.55;7791.0;162.48384615384614;89;None;1644;18.56074701578745;None;None;None
Other;2021-03-08 16:45:30+00:00;2021-03-08 18:04:02+00:00;118.81081199201205;99.5999984741211;158.1999969482422;686.3999557495117;684.9999542236328;23315.58;4712.0;156.04918380326478;90;None;975;17.81326146010187;None;None;None
Other;2021-03-09 16:49:34+00:00;2021-03-09 18:29:27+00:00;119.34269039804568;98.80000305175781;156.8000030517578;801.2003784179688;808.0003814697266;26071.06;5993.0;157.58193032172028;114;None;1285;15.660907058234608;None;None;None
Other;2021-03-10 14:31:21+00:00;2021-03-10 15:55:33+00:00;139.09177219415014;111.0;161.1999969482422;654.7996597290039;649.7996597290039;21146.16;5052.0;154.38785601265823;104;None;1053;15.068522565320666;None;None;None
Other;2021-03-11 15:43:09+00:00;2021-03-11 17:03:24+00:00;126.89431539828352;101.0;152.39999389648438;718.4001846313477;704.0001831054688;21237.48;4815.0;158.16784232365146;82;None;1042;15.878489719626167;None;None;None
Other;2021-03-12 17:55:08+00:00;2021-03-12 19:20:17+00:00;123.93930388634494;105.80000305175781;163.1999969482422;652.1998291015625;652.3998336791992;21354.31;5109.0;155.60050840829098;114;None;1020;15.047076923076926;None;None;None
Other;2021-03-13 17:22:51+00:00;2021-03-13 18:32:50+00:00;128.0892104199058;121.80000305175781;136.0;30.79999542236328;30.599990844726562;6701.05;4199.0;103.60657894736842;60;None;449;5.745125029768993;None;None;None
Other;2021-03-14 12:35:36+00:00;2021-03-14 15:13:13+00:00;129.20321154760654;98.19999694824219;159.1999969482422;1147.3997268676758;1147.9997253417969;40597.81;9457.0;156.48394253116416;101;None;1851;15.454384688590462;None;None;None
Other;2021-03-17 18:01:40+00:00;2021-03-17 19:42:01+00:00;119.5841712730133;101.4000015258789;159.39999389648438;861.7999420166016;858.3999481201172;27702.0;6021.0;156.22614899618384;96;None;1151;16.563228699551573;None;None;None
Other;2021-03-18 14:49:00+00:00;2021-03-18 17:06:32+00:00;123.23023851147836;92.0;155.39999389648438;1164.200096130371;1169.6000900268555;40728.04;8252.0;161.8483234475245;98;None;1724;17.767928259815804;None;None;None
Other;2021-03-19 15:52:01+00:00;2021-03-19 17:56:22+00:00;131.19458940873045;93.19999694824219;162.0;1020.5998764038086;1011.999870300293;34987.44;7461.0;148.13285121199945;83;None;1392;16.881756332931243;None;None;None
Running;2021-03-19 17:59:49+00:00;2021-03-19 18:11:34+00:00;113.59858541744939;106.19999694824219;122.19999694824219;24.800071716308594;23.2000732421875;1757.24;705.0;138.92503536067892;100;None;144;8.973140425531916;None;None;None
Other;2021-03-22 14:28:54+00:00;2021-03-22 17:21:29+00:00;131.06687249535648;91.4000015258789;162.39999389648438;1469.7998428344727;1474.3998489379883;50728.82;10355.0;159.75554698051323;97;None;1946;17.636287011105747;None;None;None
Running;2021-03-24 16:37:34+00:00;2021-03-24 18:02:01+00:00;125.3413731321537;111.4000015258789;140.8000030517578;243.99993133544922;245.79993438720703;15210.92;5067.0;150.1860465116279;89;None;1043;10.807047957371227;None;None;None
Other;2021-03-25 15:52:28+00:00;2021-03-25 17:04:15+00:00;149.95286473871744;127.19999694824219;179.60000610351562;619.0000762939453;623.0000762939453;23242.65;4307.0;163.43284620737649;92;None;994;19.427336893429302;None;None;None
Other;2021-03-26 14:40:35+00:00;2021-03-26 16:25:03+00:00;136.9812849419702;112.0;160.8000030517578;728.6001281738281;729.000129699707;28023.23;6268.0;155.03172325840904;102;None;1242;16.09502680280791;None;None;None
Other;2021-03-30 13:46:04+00:00;2021-03-30 14:44:10+00:00;140.3341931588809;116.4000015258789;166.0;397.9999465942383;400.19994354248047;12270.31;3486.0;147.34795070220693;76;None;686;12.671576592082616;None;None;None
Running;2021-03-31 14:06:45+00:00;2021-03-31 15:52:56+00:00;116.10228626383834;106.5999984741211;132.39999389648438;420.60013580322266;418.80013275146484;14285.73;6371.0;137.62503917267316;76;None;1038;8.072300737717784;None;None;None
Other;2021-04-01 14:03:21+00:00;2021-04-01 15:23:44+00:00;144.6663627711479;124.80000305175781;162.8000030517578;497.79974365234375;497.99974060058594;16125.2;4823.0;152.04290155440415;77;None;997;12.03622641509434;None;None;None
Other;2021-04-03 07:48:09+00:00;2021-04-03 08:52:07+00:00;129.80399284426267;124.19999694824219;138.60000610351562;18.600006103515625;19.600006103515625;4336.64;3838.0;89.94342762063228;68;None;300;4.067718603439292;None;None;None
Other;2021-04-04 07:57:07+00:00;2021-04-04 11:33:59+00:00;67.6466759079171;41.400001525878906;97.80000305175781;678.8000106811523;685.2000122070312;12144.56;13012.0;90.25476522547652;52;None;967;3.360007377805103;None;None;None
Running;2021-04-08 15:04:56+00:00;2021-04-08 16:22:52+00:00;124.90966511362774;113.4000015258789;143.0;341.20023345947266;345.60022735595703;11043.13;4676.0;142.23085129080434;96;None;804;8.501982035928144;None;None;None
Running;2021-04-10 15:01:37+00:00;2021-04-10 15:45:12+00:00;103.64570767294583;89.80000305175781;120.5999984741211;138.99996185302734;144.59996032714844;5128.87;2615.0;127.68752384586035;74;None;379;7.06077705544933;None;None;None
Other;2021-04-11 10:57:45+00:00;2021-04-11 12:49:47+00:00;151.08892315204326;147.1999969482422;154.1999969482422;19.5999755859375;19.199966430664062;8883.23;6722.0;116.0023076923077;62;None;728;4.757457304373698;None;None;None
Running;2021-04-14 15:22:34+00:00;2021-04-14 16:36:21+00:00;142.9386723277531;125.4000015258789;181.8000030517578;254.4001235961914;256.8001174926758;9846.35;4427.0;None;None;None;697;8.006970860627964;None;None;None
Biking;2021-04-16 13:54:36+00:00;2021-04-16 15:49:26+00:00;101.30502965384972;73.19999694824219;150.8000030517578;921.1999740600586;918.5999755859375;41571.1;6890.0;144.129149152051;91;None;1177;21.720748911465893;None;None;None
Running;2021-04-19 13:30:33+00:00;2021-04-19 16:08:03+00:00;108.71503085797798;97.4000015258789;137.0;360.6000061035156;352.4000015258789;11225.55;9450.0;128.29960513326753;59;None;927;4.2764;None;None;None
Biking;2021-04-20 13:45:24+00:00;2021-04-20 15:57:54+00:00;108.58552344206765;79.19999694824219;153.0;993.7999725341797;981.7999725341797;52675.97;7950.0;154.55629770992365;80;None;1449;23.853269433962264;None;None;None
Running;2021-04-23 18:13:56+00:00;2021-04-23 19:21:40+00:00;143.66301595180406;129.1999969482422;160.8000030517578;261.7998809814453;260.1998748779297;7605.13;4064.0;133.63216743119267;73;None;560;6.736827755905512;None;None;None
Biking;2021-04-24 14:16:38+00:00;2021-04-24 16:30:26+00:00;107.7305883556356;77.4000015258789;148.39999389648438;993.2000732421875;1001.2000732421875;51028.53;8028.0;155.495086453539;71;None;1456;22.882748878923767;None;None;None
Other;2021-04-25 15:48:36+00:00;2021-04-25 16:52:18+00:00;131.11918511900714;121.80000305175781;142.0;28.59998321533203;28.79998779296875;5542.16;3822.0;93.65195246179967;57;None;357;5.220244897959184;None;None;None
Running;2021-04-26 16:52:55+00:00;2021-04-26 18:01:59+00:00;120.19971138539941;105.5999984741211;135.60000610351562;205.00008392333984;210.00008392333984;13834.95;4144.0;163.07888407888407;107;None;1010;12.018778957528959;None;None;None
Running;2021-04-28 17:29:17+00:00;2021-04-28 18:50:05+00:00;128.61313006583003;121.80000305175781;148.60000610351562;278.6001205444336;280.2001266479492;10611.23;4848.0;140.56909547738692;76;None;812;7.879626237623762;None;None;None
Running;2021-04-30 16:31:26+00:00;2021-04-30 17:28:19+00:00;154.37601836429903;145.8000030517578;165.8000030517578;160.19976806640625;164.3997802734375;10838.04;3413.0;None;None;None;936;11.431861705244653;None;None;None
Running;2021-05-03 16:01:55+00:00;2021-05-03 17:19:45+00:00;126.88881773873369;112.80000305175781;141.39999389648438;281.19998931884766;282.59998321533203;15223.33;4670.0;163.49978659837814;91;None;1016;11.735329336188437;None;None;None
Other;2021-05-04 16:13:04+00:00;2021-05-04 18:01:01+00:00;105.46091431659252;75.4000015258789;134.0;715.5999755859375;722.1999740600586;35063.64;6477.0;144.27711031362148;91;None;1137;19.48882260305697;None;None;None
Other;2021-05-06 15:06:57+00:00;2021-05-06 19:35:13+00:00;127.03135541929815;110.4000015258789;140.0;90.3998794555664;90.3998794555664;21544.01;16096.0;103.3278324341479;51;None;1582;4.818491302186879;None;None;None
Other;2021-05-11 13:49:02+00:00;2021-05-11 16:28:36+00:00;111.41468199169415;83.80000305175781;153.1999969482422;1233.9999923706055;1235.1999969482422;57908.520000000004;9574.0;152.9553450608931;108;None;1679;21.774668059327347;None;None;None
Other;2021-05-16 15:59:37+00:00;2021-05-16 18:40:30+00:00;116.78324000485917;88.19999694824219;148.0;692.4001312255859;701.2001342773438;39368.7;9653.0;None;None;None;1979;14.682204496011602;None;None;None
Running;2021-05-18 15:43:27+00:00;2021-05-18 16:53:07+00:00;130.19828248751983;122.0;149.1999969482422;256.8000259399414;255.0000228881836;11214.15;4180.0;None;None;None;916;9.65811961722488;None;None;None
Other;2021-05-19 11:31:43+00:00;2021-05-19 12:11:45+00:00;128.20399973551432;124.19999694824219;133.1999969482422;15.599983215332031;15.199981689453125;3404.67;2402.0;75.31777777777778;50;None;111;5.1027527060782685;None;None;None
Other;2021-05-20 16:34:10+00:00;2021-05-20 18:10:39+00:00;118.09586062765237;91.0;144.8000030517578;678.2001342773438;673.0001373291016;29407.25;5789.0;160.69179027250777;92;None;1217;18.28745897391605;None;None;None
Other;2021-05-22 09:17:53+00:00;2021-05-22 11:24:33+00:00;135.07327939752946;120.0;145.1999969482422;36.19994354248047;20.599937438964844;11342.22;7600.0;100.69500674763833;53;None;803;5.372630526315789;None;None;None
Other;2021-05-23 18:49:29+00:00;2021-05-23 19:31:18+00:00;127.23606624201254;122.0;131.1999969482422;16.0;15.599998474121094;3289.44;2509.0;91.22950819672131;49;None;226;4.7198023116779595;None;None;None
Other;2021-05-25 14:02:02+00:00;2021-05-25 15:37:46+00:00;71.74423782518382;50.20000076293945;96.0;642.3999938964844;638.0;28760.31;5744.0;None;None;None;2232;18.025263927576603;None;None;None
Running;2021-05-26 10:05:56+00:00;2021-05-26 10:49:30+00:00;103.79336129268222;92.4000015258789;122.80000305175781;234.60001373291016;228.20001220703125;6908.78;2614.0;148.0877527661198;80;None;522;9.514769701606733;None;None;None
Other;2021-05-28 12:36:50+00:00;2021-05-28 13:12:07+00:00;54.92339174371017;50.79999923706055;58.599998474121094;16.799999237060547;17.200000762939453;3384.39;2117.0;98.71637426900585;84;None;216;5.755221539914975;None;None;None
Other;2021-05-31 17:18:35+00:00;2021-05-31 17:52:41+00:00;57.992227215047016;43.20000076293945;69.0;46.79999542236328;51.39999771118164;10713.69;2046.0;133.6831091180867;96;None;364;18.851067448680354;None;None;None
Running;2021-05-31 17:55:19+00:00;2021-05-31 18:06:25+00:00;47.099290644868894;44.599998474121094;50.599998474121094;6.0;6.0;1769.97;666.0;142.0212765957447;114;None;138;9.567405405405406;None;None;None
Other;2021-06-03 13:20:09+00:00;2021-06-03 14:43:36+00:00;45.42926633186888;32.599998474121094;70.80000305175781;558.8000869750977;554.6000862121582;26050.37;5007.0;166.7183323359266;86;None;1170;18.730044337926902;None;None;None
Running;2021-06-04 13:55:10+00:00;2021-06-04 14:33:25+00:00;78.63637940960412;52.599998474121094;91.4000015258789;128.99992752075195;132.7999267578125;3747.98;2295.0;125.72889469103568;81;None;322;5.87918431372549;None;None;None
Other;None;None;None;None;None;0;0;0.0;None;None;None;None;414;None;None;None;None
Biking;2021-06-08 17:18:51+00:00;2021-06-08 19:58:14+00:00;98.00772854797523;76.19999694824219;135.8000030517578;765.3998336791992;765.3998336791992;59241.479999999996;9563.0;135.8318528581879;80;None;1340;22.301508731569587;None;None;None
Other;2021-06-09 16:59:12+00:00;2021-06-09 18:39:30+00:00;125.14990042754175;104.80000305175781;149.0;588.8002395629883;590.8002395629883;28738.43;6018.0;155.9693098871931;94;None;1206;17.191483549351943;None;None;None
Biking;2021-06-10 14:45:44+00:00;2021-06-10 19:10:37+00:00;91.84158863323411;73.0;132.0;1373.6001052856445;1375.2001037597656;96956.51;15893.0;143.32281782190663;77;None;2341;21.962086201472346;None;None;None
Running;2021-06-13 12:43:27+00:00;2021-06-13 14:09:43+00:00;122.78275416892286;110.19999694824219;142.1999969482422;283.99991607666016;294.59991455078125;10067.45;5176.0;147.50640188136921;89;None;718;7.002090417310665;None;None;None
Other;2021-06-15 15:24:46+00:00;2021-06-15 15:59:45+00:00;59.26365365265212;54.599998474121094;65.4000015258789;182.80004501342773;183.80004501342773;8843.49;2099.0;149.87868696479543;92;None;430;15.167491186279182;None;None;None
Running;2021-06-16 15:59:43+00:00;2021-06-16 17:29:16+00:00;113.46399409344396;91.5999984741211;147.1999969482422;393.5999069213867;396.9999084472656;15877.1;5373.0;156.70341499628805;92;None;1090;10.637922948073703;None;None;None
Other;2021-06-20 14:09:41+00:00;2021-06-20 15:16:15+00:00;81.01184701192561;59.20000076293945;95.5999984741211;425.99995040893555;424.7999496459961;20160.79;3994.0;162.73306673331666;116;None;935;18.171968953430145;None;None;None
Biking;2021-06-24 15:24:34+00:00;2021-06-24 16:31:35+00:00;123.81772596857398;100.19999694824219;147.1999969482422;375.39996337890625;373.39996337890625;30204.46;4021.0;142.77780536246277;64;None;738;27.042043272817708;None;None;None
Other;2021-06-26 13:16:34+00:00;2021-06-26 14:05:07+00:00;52.83991695094753;46.0;63.0;20.599994659423828;11.199996948242188;5398.44;2913.0;119.01663201663202;69;None;374;6.6716045314109165;None;None;None
Biking;2021-07-01 14:33:53+00:00;2021-07-01 14:53:42+00:00;170.97824962828457;154.1999969482422;183.1999969482422;40.00001525878906;28.20001220703125;7463.530000000001;1189.0;116.5814696485623;87;None;176;22.59773591253154;None;None;None
Biking;2021-07-01 16:04:00+00:00;2021-07-01 16:14:47+00:00;159.03909176913174;153.60000610351562;166.8000030517578;12.600006103515625;24.800003051757812;4200.29;647.0;108.31363636363636;88;None;75;23.37101081916538;None;None;None
Biking;2021-07-02 07:27:11+00:00;2021-07-02 10:24:16+00:00;168.18192893595923;143.39999389648438;205.8000030517578;1208.1998138427734;1204.3998107910156;73321.6;10625.0;162.2859771450707;105;None;2217;24.84308329411765;None;None;None
Other;2021-07-02 10:30:57+00:00;2021-07-02 10:35:52+00:00;None;None;None;0;0;81.19;295.0;None;None;None;16;0.990793220338983;None;None;None
Biking;2021-07-03 06:45:17+00:00;2021-07-03 07:25:46+00:00;167.1816098004922;153.39999389648438;183.39999389648438;54.0;54.19999694824219;11800.9;2429.0;122.25180897250362;82;None;337;17.49001235076163;None;None;None
Other;2021-07-05 14:04:26+00:00;2021-07-05 15:48:42+00:00;121.01362906589014;93.0;147.39999389648438;697.3999786376953;691.3999786376953;29570.16;6256.0;160.97398659431855;91;None;1352;17.01607672634271;None;None;None
Biking;2021-07-06 16:53:41+00:00;2021-07-06 18:02:12+00:00;120.62574391531605;87.0;138.8000030517578;115.40007019042969;115.40007019042969;30449.71;4111.0;121.03183885640026;77;None;571;26.664791048406713;None;None;None
Other;2021-07-07 16:20:19+00:00;2021-07-07 17:59:31+00:00;124.72233874123361;102.19999694824219;145.39999389648438;620.1999435424805;618.9999465942383;28714.85;5952.0;159.43628546861564;93;None;1238;17.367852822580645;None;None;None
Biking;2021-07-09 10:32:14+00:00;2021-07-09 16:46:30+00:00;124.39479299674205;91.80000305175781;168.60000610351562;1933.0003814697266;1916.2003784179688;128954.95;22456.0;159.83969465648855;77;None;3698;20.673219629497687;None;None;None
Other;2021-07-12 17:26:15+00:00;2021-07-12 19:05:36+00:00;132.14533582593782;112.0;154.60000610351562;476.9997100830078;480.19972229003906;28757.51;5961.0;147.57896499748784;94;None;1096;17.367394061399093;None;None;None
Biking;2021-07-14 16:44:24+00:00;2021-07-14 18:34:31+00:00;117.53831628698893;88.19999694824219;142.39999389648438;463.9999008178711;466.39989471435547;31883.36;6607.0;132.41030684500393;67;None;783;17.372498259421825;None;None;None
Other;2021-07-15 13:47:41+00:00;2021-07-15 15:37:17+00:00;118.10043421927516;92.0;143.60000610351562;822.5999374389648;819.799934387207;30465.59;6576.0;154.54559553349876;91;None;1257;16.67824270072993;None;None;None
Biking;2021-07-16 17:15:46+00:00;2021-07-16 19:28:16+00:00;97.1834653683279;69.19999694824219;144.8000030517578;749.1998977661133;756.5998992919922;42005.66;7950.0;129.53194479938665;58;None;1107;19.02143094339623;None;None;None
Running;2021-07-19 15:03:14+00:00;2021-07-19 16:07:27+00:00;113.6525607654238;91.5999984741211;146.39999389648438;294.99986267089844;294.19986724853516;12106.82;3853.0;158.09493016037248;76;None;837;11.311848429794965;None;None;None
Running;2021-07-21 17:23:45+00:00;2021-07-21 18:35:34+00:00;105.0992661101762;98.19999694824219;124.0;262.7999038696289;261.7999038696289;9845.14;4309.0;145.89217919514047;91;None;745;8.225227198886053;None;None;None
Biking;2021-07-22 18:40:59+00:00;2021-07-22 19:18:40+00:00;124.99176035867946;106.4000015258789;136.1999969482422;86.60000610351562;86.4000015258789;15337.44;2261.0;118.21972534332085;82;None;299;24.420514816452897;None;None;None
Other;2021-07-23 17:56:19+00:00;2021-07-23 19:14:39+00:00;139.67408660396035;121.19999694824219;158.1999969482422;456.9996337890625;461.7996368408203;22171.94;4700.0;154.0662701784197;86;None;933;16.98276255319149;None;None;None
Other;2021-07-24 15:02:05+00:00;2021-07-24 16:47:14+00:00;117.67998101496588;91.0;144.1999969482422;688.1996154785156;684.9996185302734;29483.06;6309.0;151.81436936224085;76;None;1176;16.823429386590586;None;None;None
Other;2021-07-24 17:53:59+00:00;2021-07-24 19:19:04+00:00;131.30648147618328;103.80000305175781;140.0;42.59996795654297;42.799964904785156;7787.92;5105.0;104.74189814814815;85;None;539;5.491971008814888;None;None;None
Biking;2021-07-25 11:17:23+00:00;2021-07-25 16:03:11+00:00;100.64816738903265;80.19999694824219;145.39999389648438;1714.799674987793;1707.1996765136719;108940.46;17148.0;154.15212079443643;68;None;2828;22.87063540937719;None;None;None
Other;2021-07-27 16:18:04+00:00;2021-07-27 16:59:35+00:00;56.177635217334085;40.79999923706055;73.80000305175781;251.99999237060547;250.19999313354492;11804.3;2491.0;157.1486973947896;96;None;531;17.059606583701324;None;None;None
Running;2021-07-29 16:13:33+00:00;2021-07-29 16:51:40+00:00;114.36827886909701;94.0;149.60000610351562;157.7999725341797;155.1999740600586;7133.82;2287.0;149.30108932461874;94;None;469;11.229449934411893;None;None;None
Other;2021-07-31 13:24:45+00:00;2021-07-31 14:05:26+00:00;57.002781198263655;41.400001525878906;74.80000305175781;254.60013580322266;254.80013275146484;11798.02;2441.0;162.13865030674847;103;None;574;17.39978369520688;None;None;None
Biking;2021-08-01 19:35:21+00:00;2021-08-01 20:05:36+00:00;129.09241643027653;121.4000015258789;139.39999389648438;44.80000305175781;44.80000305175781;8677.27;1815.0;98.28205128205128;73;None;152;17.21111404958678;None;None;None
Other;2021-08-02 14:09:40+00:00;2021-08-02 15:41:30+00:00;120.00300663231378;93.0;146.0;670.5997161865234;664.7997131347656;30370.36;5510.0;153.44412244158667;88;None;1124;19.842703448275863;None;None;None
Biking;2021-08-03 16:20:15+00:00;2021-08-03 17:47:41+00:00;110.74863891049655;79.5999984741211;135.8000030517578;580.3999557495117;589.5999526977539;34583.42;5246.0;139.9059584999048;72;None;878;23.732426991993897;None;None;None
Other;2021-08-05 14:45:32+00:00;2021-08-05 16:12:39+00:00;43.89300993692793;32.400001525878906;68.0;561.6001167297363;559.0001182556152;26685.95;5227.0;146.68621084797556;86;None;933;18.37945666730438;None;None;None
Running;2021-08-09 15:12:32+00:00;2021-08-09 15:42:07+00:00;7.4178752049493815;5.400000095367432;10.800000190734863;43.599998474121094;44.3999981880188;3794.94;1775.0;111.95952782462058;78;None;206;7.69677971830986;None;None;None
Running;2021-08-10 06:55:23+00:00;2021-08-10 08:23:27+00:00;2.115014159918619;-3.200000047683716;23.0;224.59999983012676;225.19999979436398;11575.22;5284.0;133.32041587901702;89;None;780;7.886221044663134;None;None;None
Other;2021-08-12 15:20:50+00:00;2021-08-12 16:56:37+00:00;117.37595974523119;96.19999694824219;140.1999969482422;619.5999221801758;619.1999282836914;29839.33;5747.0;156.98714608302936;103;None;1194;18.69176753088568;None;None;None
Biking;2021-08-13 16:52:14+00:00;2021-08-13 18:24:31+00:00;103.38485120630565;72.19999694824219;147.60000610351562;624.4000930786133;627.2000961303711;36433.78;5537.0;143.09990982867447;90;None;970;23.688208054903377;None;None;None
Other;2021-08-16 15:39:33+00:00;2021-08-16 16:14:15+00:00;56.09923292875062;39.599998474121094;73.5999984741211;266.60002517700195;264.60002517700195;11828.96;2082.0;156.30345158197508;91;None;473;20.45353314121037;None;None;None
Running;2021-08-16 16:21:07+00:00;2021-08-16 16:35:42+00:00;38.596355336130614;25.600000381469727;56.79999923706055;60.4000129699707;63.4000129699707;2456.24;875.0;144.63325740318908;125;None;189;10.105673142857142;None;None;None
Biking;2021-08-20 15:21:58+00:00;2021-08-20 17:05:42+00:00;52.53651964482825;32.20000076293945;80.19999694824219;851.9999732971191;852.799976348877;50110.83;6224.0;164.22935044105853;87;None;1523;28.984413239074552;None;None;None
Running;2021-08-23 16:37:00+00:00;2021-08-23 17:50:50+00:00;113.17371142428388;88.5999984741211;145.8000030517578;267.20011138916016;272.60010528564453;12235.51;4430.0;145.5160927301373;97;None;817;9.943078103837472;None;None;None
Other;2021-08-24 16:12:08+00:00;2021-08-24 16:46:52+00:00;49.77701148219492;31.600000381469727;68.19999694824219;278.99999237060547;275.799991607666;11784.43;2084.0;160.58477011494253;89;None;498;20.356980806142037;None;None;None
Running;2021-09-09 13:08:33+00:00;2021-09-09 15:08:17+00:00;361.41327196767656;343.79998779296875;385.6000061035156;292.39984130859375;275.9998474121094;13480.67;7184.0;125.1663323782235;63;None;895;6.755346881959911;None;None;None
Running;2021-09-11 13:55:02+00:00;2021-09-11 15:31:35+00:00;281.74990966134646;269.79998779296875;301.3999938964844;194.60012817382812;181.20013427734375;16362.73;5793.0;156.9249547920434;102;None;1181;10.16844950802693;None;None;None
Running;2021-09-16 13:24:18+00:00;2021-09-16 15:20:06+00:00;297.3110758054361;289.20001220703125;317.6000061035156;274.8005676269531;267.8005676269531;12424.23;6948.0;126.73495187473064;64;None;897;6.437424870466321;None;None;None
Other;2021-09-18 11:39:17+00:00;2021-09-18 14:38:06+00:00;265.5221692845265;236.1999969482422;301.0;283.3999481201172;282.59996032714844;15525.11;10729.0;97.80329611908559;62;None;1040;5.209282878180632;None;None;None
Running;2021-09-19 12:41:08+00:00;2021-09-19 14:14:57+00:00;293.33833021224444;272.6000061035156;313.3999938964844;329.60028076171875;337.4002685546875;13465.99;5629.0;137.12422470317208;87;None;817;8.61210943329188;None;None;None
Other;2021-09-21 07:21:36+00:00;2021-09-21 07:37:15+00:00;270.8394364907708;266.0;274.6000061035156;20.60003662109375;27.60003662109375;1394.68;939.0;95.2605633802817;83;None;107;5.347015974440895;None;None;None
Running;2021-09-22 05:42:56+00:00;2021-09-22 06:48:44+00:00;291.6541822470587;236.8000030517578;339.6000061035156;531.9997100830078;533.3997039794922;8418.2;3948.0;162.4296183977761;124;None;853;7.676170212765959;None;None;None
Running;2021-09-23 12:17:22+00:00;2021-09-23 14:25:53+00:00;310.2518657692506;304.0;324.79998779296875;217.79977416992188;217.3997802734375;13982.24;7711.0;128.05661995996567;71;None;938;6.527825703540397;None;None;None
Running;2021-09-25 14:03:28+00:00;2021-09-25 15:30:24+00:00;321.5793801725777;316.6000061035156;337.3999938964844;232.60015869140625;230.20013427734375;11881.94;5216.0;135.84580065046873;72;None;776;8.2007254601227;None;None;None
Running;2021-10-02 11:09:37+00:00;2021-10-02 12:27:45+00:00;256.7102793815111;233.60000610351562;280.79998779296875;191.99961853027344;174.7996063232422;10122.58;4688.0;137.87103639072143;99;None;668;7.77331228668942;None;None;None
Running;2021-10-09 11:35:16+00:00;2021-10-09 13:17:20+00:00;275.65721262537744;268.20001220703125;288.79998779296875;317.400390625;317.400390625;17013.52;6124.0;161.52898078801692;103;None;1223;10.001416067929458;None;None;None
Running;2021-10-10 11:50:02+00:00;2021-10-10 13:49:24+00:00;285.2540405894336;265.20001220703125;300.79998779296875;188.59970092773438;189.39968872070312;13585.44;7162.0;121.22031772575251;72;None;783;6.828760681373919;None;None;None
